id,weight
1188,0.27241
3434,0.40694
531,1.94744
1311,1.54987
3466,2.04101
1229,1.33766
1162,1.53852
4050,1.68336
926,1.47872
4139,0.84042
4136,1.01233
4514,1.35338
4443,0.70335
4452,0.32076
4576,0.28639
4577,0.24765
4442,0.14736
4453,0.07112
4444,0.04106
4456,0.04106
4391,0.04136